{
  "deserialize": {
    "total_requests": 20469.2,
    "latency_min": 0.000542593002319336,
    "latency_max": 27.30424301624298,
    "latency_avg": 0.005084505609409398,
    "latency_median": 0.002006709575653076,
    "latency_p90": 0.007376194000244141,
    "latency_p95": 0.008598613739013671,
    "latency_p99": 0.01785399913787842
  },
  "serialize": {
    "total_requests": 20469.2,
    "latency_min": 0.05438938140869141,
    "latency_max": 26.276523971557616,
    "latency_avg": 0.11790531660758626,
    "latency_median": 0.11441010236740112,
    "latency_p90": 0.13856959342956543,
    "latency_p95": 0.15685820579528809,
    "latency_p99": 0.23937275409698486
  }
}