{
  "deserialize": {
    "total_requests": 68532.6,
    "latency_min": 0.005356621742248535,
    "latency_max": 62.312972569465636,
    "latency_avg": 0.041206880845328045,
    "latency_median": 0.019108510017395018,
    "latency_p90": 0.05083060264587402,
    "latency_p95": 0.06438179016113281,
    "latency_p99": 0.18756778240203859
  },
  "serialize": {
    "total_requests": 68532.4,
    "latency_min": 0.0015357732772827148,
    "latency_max": 84.07892501354218,
    "latency_avg": 0.0651333012457977,
    "latency_median": 0.027540910243988036,
    "latency_p90": 0.10507919788360595,
    "latency_p95": 0.12626261711120607,
    "latency_p99": 0.27751481533050537
  }
}