{
  "deserialize": {
    "total_requests": 12313.6,
    "latency_min": 0.06091098785400391,
    "latency_max": 0.9787747621536255,
    "latency_avg": 0.11786176116614147,
    "latency_median": 0.10437498092651368,
    "latency_p90": 0.17823243141174316,
    "latency_p95": 0.20774481296539307,
    "latency_p99": 0.32757842540740967
  },
  "serialize": {
    "total_requests": 12278.8,
    "latency_min": 0.08415615558624268,
    "latency_max": 0.9913271903991699,
    "latency_avg": 0.18270471236716662,
    "latency_median": 0.1497196912765503,
    "latency_p90": 0.3127687931060791,
    "latency_p95": 0.35756616592407225,
    "latency_p99": 0.4971824407577515
  }
}