{
  "deserialize": {
    "total_requests": 40938.4,
    "latency_min": 0.002048635482788086,
    "latency_max": 24.192801189422607,
    "latency_avg": 0.01297937557411725,
    "latency_median": 0.008325278759002686,
    "latency_p90": 0.023145604133605956,
    "latency_p95": 0.027570414543151855,
    "latency_p99": 0.059596586227416995
  },
  "serialize": {
    "total_requests": 40938.4,
    "latency_min": 0.012372970581054688,
    "latency_max": 25.178750801086426,
    "latency_avg": 0.044217480136766754,
    "latency_median": 0.03008061647415161,
    "latency_p90": 0.066680645942688,
    "latency_p95": 0.07915143966674805,
    "latency_p99": 0.17088379859924316
  }
}