{
  "deserialize": {
    "total_requests": 68364.2,
    "latency_min": 0.005356621742248535,
    "latency_max": 0.9925567865371704,
    "latency_avg": 0.028183555443580543,
    "latency_median": 0.019068598747253418,
    "latency_p90": 0.050468039512634275,
    "latency_p95": 0.0631255865097046,
    "latency_p99": 0.1628187894821167
  },
  "serialize": {
    "total_requests": 68349.4,
    "latency_min": 0.0015357732772827148,
    "latency_max": 0.9983679771423339,
    "latency_avg": 0.047417481359957526,
    "latency_median": 0.026929819583892824,
    "latency_p90": 0.10454943180084228,
    "latency_p95": 0.12424983978271484,
    "latency_p99": 0.24528861045837402
  }
}