{
  "deserialize": {
    "total_requests": 13748.4,
    "latency_min": 0.002093815803527832,
    "latency_max": 54.639329838752744,
    "latency_avg": 0.01963190390101785,
    "latency_median": 0.006523013114929199,
    "latency_p90": 0.021512770652770997,
    "latency_p95": 0.030805802345275878,
    "latency_p99": 0.06102099418640137
  },
  "serialize": {
    "total_requests": 13748.4,
    "latency_min": 0.01315760612487793,
    "latency_max": 80.30866281986236,
    "latency_avg": 0.07535944852448347,
    "latency_median": 0.027458691596984865,
    "latency_p90": 0.07898161411285401,
    "latency_p95": 0.09718461036682129,
    "latency_p99": 0.20250520706176758
  }
}