{
  "deserialize": {
    "total_requests": 12814.8,
    "latency_min": 0.002389216423034668,
    "latency_max": 0.8251245975494385,
    "latency_avg": 0.021497866786598218,
    "latency_median": 0.01891242265701294,
    "latency_p90": 0.030949974060058595,
    "latency_p95": 0.03590478897094727,
    "latency_p99": 0.06393017768859863
  },
  "serialize": {
    "total_requests": 12805.2,
    "latency_min": 0.015541625022888184,
    "latency_max": 0.9429342031478882,
    "latency_avg": 0.06710781221190469,
    "latency_median": 0.06254421472549439,
    "latency_p90": 0.08325259685516358,
    "latency_p95": 0.09466502666473389,
    "latency_p99": 0.19007058143615724
  }
}