{
  "deserialize": {
    "total_requests": 68487.8,
    "latency_min": 0.002045011520385742,
    "latency_max": 0.9730148077011108,
    "latency_avg": 0.010429832026541522,
    "latency_median": 0.006109786033630371,
    "latency_p90": 0.021805000305175782,
    "latency_p95": 0.027271604537963866,
    "latency_p99": 0.050554203987121585
  },
  "serialize": {
    "total_requests": 68394.0,
    "latency_min": 0.012075400352478028,
    "latency_max": 0.9811752080917359,
    "latency_avg": 0.0375358793498838,
    "latency_median": 0.02486262321472168,
    "latency_p90": 0.070656418800354,
    "latency_p95": 0.08579838275909424,
    "latency_p99": 0.16161818504333497
  }
}