{
  "deserialize": {
    "total_requests": 34263.8,
    "latency_min": 0.0005612373352050781,
    "latency_max": 0.5833813667297363,
    "latency_avg": 0.003131001399351384,
    "latency_median": 0.0013764142990112306,
    "latency_p90": 0.007906031608581544,
    "latency_p95": 0.009591794013977051,
    "latency_p99": 0.01545858383178711
  },
  "serialize": {
    "total_requests": 34185.6,
    "latency_min": 0.05320520401000976,
    "latency_max": 0.9766930103302002,
    "latency_avg": 0.10682190347410128,
    "latency_median": 0.10013209581375122,
    "latency_p90": 0.14448938369750977,
    "latency_p95": 0.1707132339477539,
    "latency_p99": 0.2536459922790527
  }
}