{
  "data_sent_count": 50223332.4,
  "data_sent_rate": 67091.2417850893,
  "data_received_count": 64855994.0,
  "data_received_rate": 86638.54480090135,
  "request_duration_avg": 4204.478217235822,
  "request_duration_min": 1002.0935086000002,
  "request_duration_max": 105172.73171639998,
  "request_duration_median": 3802.0661959,
  "request_duration_p90": 7567.668734020001,
  "request_duration_p95": 9663.254540999998,
  "request_duration_p99": 12233.665265332,
  "vus_max": 1600.0,
  "throughput_requests_per_second": 45.75662704776694,
  "throughput_total_requests": 34252.6,
  "success_rate_rate": 0.9999542690282016,
  "success_rate_passes": 68502.0,
  "success_rate_fails": 3.2
}