{
  "deserialize": {
    "total_requests": 68532.4,
    "latency_min": 0.002045011520385742,
    "latency_max": 70.43399338722229,
    "latency_avg": 0.014676266307148453,
    "latency_median": 0.006114208698272705,
    "latency_p90": 0.021858024597167968,
    "latency_p95": 0.027382588386535643,
    "latency_p99": 0.05211398601531982
  },
  "serialize": {
    "total_requests": 68532.4,
    "latency_min": 0.012075400352478028,
    "latency_max": 85.32608118057252,
    "latency_avg": 0.050626776865622315,
    "latency_median": 0.024909818172454835,
    "latency_p90": 0.07105138301849365,
    "latency_p95": 0.08677217960357667,
    "latency_p99": 0.17812597751617432
  }
}